ID,School Name,Type,Curriculum,Current Address,Current Contact,Current Website,Status,Facebook URL,Facebook Phone,Facebook Email,Facebook Address,Facebook About/Description,Facebook Verified (Yes/No),Facebook Followers,Notes,Completed (Yes/No)
125,A.B.C 123 Private Kindergarten,Kindergarten,,"Doha, Qatar",,,published,,,,,,,,,
117,ABC Kids International Nursery,Kindergarten,British (EYFS),"Al Messila, Doha, Qatar",+974 4441 5566,https://www.abckidsqatar.com,published,,,,,,,,,
126,ACS Doha International School – Al Gharrafa,All-through,,"Doha, Qatar",,,published,,,,,,,,,
146,AL ROYAL CROWN SCHOOL,All-through,,"Doha, Qatar",,,published,,,,,,,,,
199,ALSanafer Kindergarten,Kindergarten,,"Doha, Qatar",,,published,,,,,,,,,
205,AWIS – Al Wataniya International School,All-through,,"Doha, Qatar",,,published,,,,,,,,,
122,Academyati School,All-through,,"Doha, Qatar",,,published,,,,,,,,,
127,Ajyal Kindergarten Qatar,Kindergarten,,"Doha, Qatar",,,published,,,,,,,,,
128,Al Aasria Kindergarten,Kindergarten,,"Doha, Qatar",,,published,,,,,,,,,
151,Al Andalus Primary Boys School,Primary,,"Doha, Qatar",,,published,,,,,,,,,
152,Al Andalus Private Girls School,All-through,,"Doha, Qatar",,,published,,,,,,,,,
149,Al Andalus Private Kindergarten,Kindergarten,,"Doha, Qatar",,,published,,,,,,,,,
153,Al Arqam Academy for Girls- Abu Hamour,All-through,,"Doha, Qatar",,,published,,,,,,,,,
76,Al Baraha School,Primary,International,Old Al Ghanim,+97444440025,https://www.google.com/search?q=Al+Baraha+School,published,,,,,,,,,
158,Al Bashaer Private Kindergarten,Kindergarten,,"Doha, Qatar",,,published,,,,,,,,,
159,Al Bateel International School,All-through,,"Doha, Qatar",,,published,,,,,,,,,
160,Al Bustan Private Kindergarten,Kindergarten,,"Doha, Qatar",,,published,,,,,,,,,
163,Al Faisal Kindergarten,Kindergarten,,"Doha, Qatar",,,published,,,,,,,,,
164,Al Faisel Private Kindergarten,Kindergarten,,"Doha, Qatar",,,published,,,,,,,,,
166,Al Fallah Private Boys School,All-through,,"Doha, Qatar",,,published,,,,,,,,,
168,Al Fatat AlMuslima Girls School,All-through,,"Doha, Qatar",,,published,,,,,,,,,
131,Al Forsan International School,All-through,,"Doha, Qatar",,,published,,,,,,,,,
170,Al Furqan Private Boys School,All-through,,"Doha, Qatar",,,published,,,,,,,,,
171,Al Furqan Private Secondary School,Secondary,,"Doha, Qatar",,,published,,,,,,,,,
173,Al Hammad Int'l Developed School,All-through,,"Doha, Qatar",,,published,,,,,,,,,
174,Al Hayat Universal School,All-through,,"Doha, Qatar",,,published,,,,,,,,,
43,Al Hekma International School,Primary & Secondary,International,Al Dafna,+97444330036,https://www.edu.com/,published,,,,,,,,,
35,Al Jazeera Academy,Primary & Secondary,International,Doha,+97444330028,https://aja.edu.qa,published,,,,,,,,,
79,Al Jazeera School,Primary,International,Al Mansoura,+97444440028,https://www.edu.com/,published,,,,,,,,,
133,Al Joud International Kindergarten,Kindergarten,,"Doha, Qatar",,,published,,,,,,,,,
135,Al Khor International Kindergarten,Kindergarten,,"Doha, Qatar",,,published,,,,,,,,,
104,Al Khor International School,International,British,"Al Khor, Qatar",+974 4472 4666,https://www.akis.edu.qa,published,,,,,,,,,
137,Al Khor International School-Indian Stream (Qatar Gas),All-through,,"Doha, Qatar",,,published,,,,,,,,,
136,Al Khor International-British Stream (Qatar Gas),All-through,,"Doha, Qatar",,,published,,,,,,,,,
185,Al Madina International School- Al Wakra,All-through,,"Doha, Qatar",,,published,,,,,,,,,
44,Al Maha Academy,Primary & Secondary,International,Ain Khaled,+97444330037,https://www.google.com/search?q=Al+Maha+Academy+Ain+Khaled,published,,,,,,,,,
138,Al Maha Academy for Boys,All-through,,"Doha, Qatar",,,published,,,,,,,,,
186,Al Maha Academy for Girls,All-through,,"Doha, Qatar",,,published,,,,,,,,,
187,Al Mahd International School,All-through,,"Doha, Qatar",,,published,,,,,,,,,
139,Al Manar International School -Al Thameed,All-through,,"Doha, Qatar",,,published,,,,,,,,,
189,Al Manar International School – Al Dafna,All-through,,"Doha, Qatar",,,published,,,,,,,,,
188,Al Manar International School – Al Maamoura,All-through,,"Doha, Qatar",,,published,,,,,,,,,
190,Al Manar International School – Al Sadd,All-through,,"Doha, Qatar",,,published,,,,,,,,,
140,Al Nebras International Preschool – The Montessori Way,Kindergarten,,"Doha, Qatar",,,published,,,,,,,,,
1,Al Noor Kindergarten,Kindergarten,International,Al Waab Road,+97444440000,https://www.google.com/search?q=Al+Noor+Kindergarten,pending,,,,,,,,,
4,Al Noor Kindergarten,Kindergarten,International,Al Waab Road,+97444440000,https://www.google.com/search?q=Al+Noor+Kindergarten,pending,,,,,,,,,
7,Al Noor Kindergarten,Kindergarten,International,Al Waab Road,+97444440000,https://www.google.com/search?q=Al+Noor+Kindergarten,pending,,,,,,,,,
141,Al Noor Language KG – Nuaija,Kindergarten,,"Doha, Qatar",,,published,,,,,,,,,
192,Al Noor Language School – Al Waab,All-through,,"Doha, Qatar",,,published,,,,,,,,,
193,Al Noor Language Schools Kindergarten Al Waab,Kindergarten,,"Doha, Qatar",,,published,,,,,,,,,
194,Al Numan Private Kindergarten,Kindergarten,,"Doha, Qatar",,,published,,,,,,,,,
142,Al Oud Al Akhdar International Kindergarten,Kindergarten,,"Doha, Qatar",,,published,,,,,,,,,
143,Al Oud Al Akhdar International School and Kindergarten,Kindergarten,,"Doha, Qatar",,,published,,,,,,,,,
144,Al Rayyan Al Jadeed Secondary Girls School,Secondary,,"Doha, Qatar",,,published,,,,,,,,,
145,Al Redwan Kindergarten,Kindergarten,,"Doha, Qatar",,,published,,,,,,,,,
198,Al Salam Private Kindergarten,Kindergarten,,"Doha, Qatar",,,published,,,,,,,,,
201,Al Talayea Kindergarten,Kindergarten,,"Doha, Qatar",,,published,,,,,,,,,
147,Al Tamakon Comprehensive School,All-through,,"Doha, Qatar",,,published,,,,,,,,,
204,Al Thuraya Kindergarten,Kindergarten,,"Doha, Qatar",,,published,,,,,,,,,
57,Al Wakra Academy,Primary,British,Al Wakra,+97444440003,https://www.edu.com/,published,,,,,,,,,
148,Al Watan – Kindergarten Primary – Mixed,Kindergarten,,"Doha, Qatar",,,published,,,,,,,,,
208,Al Zahra Private Kindergarten,Kindergarten,,"Doha, Qatar",,,published,,,,,,,,,
134,Al khazamaa Private kindergarten,Kindergarten,,"Doha, Qatar",,,published,,,,,,,,,
150,Al-Andalus – Prep Sec – Boys,Secondary,,"Doha, Qatar",,,published,,,,,,,,,
54,Al-Bayan Bilingual School,Primary & Secondary,Bilingual,West Bay,+97444330049,https://www.edu.com/,published,,,,,,,,,
169,Al-Furqan Private Prep – Boys,Secondary,,"Doha, Qatar",,,published,,,,,,,,,
191,Al-Mujtama – Prep Sec – Girls,Secondary,,"Doha, Qatar",,,published,,,,,,,,,
167,AlFatat AlMuslima Prep-Girls,Secondary,,"Doha, Qatar",,,published,,,,,,,,,
172,AlHammad International Developed Kindergarten,Kindergarten,,"Doha, Qatar",,,published,,,,,,,,,
175,AlJeel AlJadeed – KG – Mixed,Kindergarten,,"Doha, Qatar",,,published,,,,,,,,,
182,AlKhulud Language – KG – Mixed,Kindergarten,,"Doha, Qatar",,,published,,,,,,,,,
156,Alashbal International School – Ain Khaled,All-through,,"Doha, Qatar",,,published,,,,,,,,,
157,Alashbal Preparatory international school,Secondary,,"Doha, Qatar",,,published,,,,,,,,,
161,Aldiaa International Kindergarten,Kindergarten,,"Doha, Qatar",,,published,,,,,,,,,
162,Aleabqarii Alsaghir International Kindergarten,Kindergarten,,"Doha, Qatar",,,published,,,,,,,,,
179,Aljeel Alqadem Private School- Al Wakra,All-through,,"Doha, Qatar",,,published,,,,,,,,,
178,Aljeel Alqadem Private school- Rawdat Alhamama,All-through,,"Doha, Qatar",,,published,,,,,,,,,
181,Aljeelalqadem Private School-Ain khaled,All-through,,"Doha, Qatar",,,published,,,,,,,,,
180,Aljeelalqadem Private kindergarten – almashaf,Kindergarten,,"Doha, Qatar",,,published,,,,,,,,,
183,Alkoon academy International / ALMasrouhiya Branch,All-through,,"Doha, Qatar",,,published,,,,,,,,,
195,Alpha Cambridge School,All-through,,"Doha, Qatar",,,published,,,,,,,,,
196,Alresalah Private Kindergarten,Kindergarten,,"Doha, Qatar",,,published,,,,,,,,,
197,Alreyada International Kindergarten,Kindergarten,,"Doha, Qatar",,,published,,,,,,,,,
200,Alshoumoukh Academy lilemtiyaz Alduwaliya,All-through,,"Doha, Qatar",,,published,,,,,,,,,
202,Altamayoz kindergarten,Kindergarten,,"Doha, Qatar",,,published,,,,,,,,,
203,Altefil Alaneeq Kindergarten,Kindergarten,,"Doha, Qatar",,,published,,,,,,,,,
207,Alyasameen private Kindergarten – Al Kheesa,Kindergarten,,"Doha, Qatar",,,published,,,,,,,,,
209,Alzitoon International Primary Preparatory Secondary-Althumama,Primary,,"Doha, Qatar",,,published,,,,,,,,,
210,Alzitoon International School – Umm Salal Branch,All-through,,"Doha, Qatar",,,published,,,,,,,,,
211,Alzitoon private kindergarten,Kindergarten,,"Doha, Qatar",,,published,,,,,,,,,
212,Alzitoon private school,All-through,,"Doha, Qatar",,,published,,,,,,,,,
215,American Academy Kindergarten – Al Maamoura,Kindergarten,,"Doha, Qatar",,,published,,,,,,,,,
214,American Academy School – Al Thumama,All-through,,"Doha, Qatar",,,published,,,,,,,,,
213,American Academy School – Old Airport,All-through,,"Doha, Qatar",,,published,,,,,,,,,
10,American School of Doha,Primary & Secondary,American,Fereej Al Soudan / Al Waab,+97444330000,https://www.edu.com/,published,,,,,,,,,
216,Amjad International Academy,All-through,,"Doha, Qatar",,,published,,,,,,,,,
217,Arab International Academy,All-through,,"Doha, Qatar",,,published,,,,,,,,,
36,Aspire Academy Doha,Secondary,Sports/IB,Aspire Zone,+97444330029,https://www.aspire.qa,published,,,,,,,,,
218,Atfal Alghad Primary School,Primary,,"Doha, Qatar",,,published,,,,,,,,,
95,Atlas Academy,Primary,American,Al Messila,+97444440045,https://www.google.com/search?q=Atlas+Academy,published,,,,,,,,,
219,Awfaz Global School – Al Dafna,All-through,,"Doha, Qatar",,,published,,,,,,,,,
220,Awfaz Global School – Al Duhail,All-through,,"Doha, Qatar",,,published,,,,,,,,,
221,Awfaz Global School – Izghawa,All-through,,"Doha, Qatar",,,published,,,,,,,,,
222,Awsaj Academy,All-through,,"Doha, Qatar",,,published,,,,,,,,,
226,BELGRAVIA HIGH SCHOOL,All-through,,"Doha, Qatar",,,published,,,,,,,,,
235,BIRMINGHAM INTERNATIONAL KINDERGARTEN,Kindergarten,,"Doha, Qatar",,,published,,,,,,,,,
223,Bangladesh MHM School & College,All-through,,"Doha, Qatar",,,published,,,,,,,,,
224,Baraim Al Aqsa Kindergarten,Kindergarten,,"Doha, Qatar",,,published,,,,,,,,,
225,Baraim Al-Khur – KG – Mixed,Kindergarten,,"Doha, Qatar",,,published,,,,,,,,,
78,Bayside Academy,Secondary,American,Doha Bay,+97444440027,https://www.google.com/search?q=Bayside+Academy,published,,,,,,,,,
227,Beta Cambridge School,All-through,,"Doha, Qatar",,,published,,,,,,,,,
228,Beverly Hills International School,All-through,,"Doha, Qatar",,,published,,,,,,,,,
29,Bhavan's Public School - Airport,Primary & Secondary,Indian,Old Airport,+97444330019,https://bhavansqatar.org/,published,,,,,,,,,
230,Bhavan's Public School-Airport,All-through,,"Doha, Qatar",,,published,,,,,,,,,
231,Bhavan's Public School-Al Wakra,All-through,,"Doha, Qatar",,,published,,,,,,,,,
229,Bhavan's Public School-New Salata,All-through,,"Doha, Qatar",,,published,,,,,,,,,
232,Birla Public Primary School – Nuaija,Primary,,"Doha, Qatar",,,published,,,,,,,,,
30,Birla Public School - Abu Hamour,Primary & Secondary,Indian,Abu Hamour,+97444330020,https://www.google.com/search?q=Birla+Public+School+-+Abu+Hamour+Abu+Hamour,published,,,,,,,,,
234,Birla Public School Kindergarten,Kindergarten,,"Doha, Qatar",,,published,,,,,,,,,
233,Birla Public School – Mesaimeer,All-through,,"Doha, Qatar",,,published,,,,,,,,,
108,Blossom Nursery,Kindergarten,British (EYFS),"Al Sadd, Doha, Qatar",+974 4443 9900,https://www.blossomnurseryqatar.com,published,,,,,,,,,
92,Bluebay International,Primary,International,Al Wakra Beach,+97444440041,https://www.rbcbluebay.com/en/institutional/,published,,,,,,,,,
236,Blyth Academy,All-through,,"Doha, Qatar",,,published,,,,,,,,,
106,Bright Beginnings Nursery,Kindergarten,EYFS (Early Years Foundation Stage),"West Bay, Doha, Qatar",+974 4411 7777,https://www.brightbeginnings.qa,published,,,,,,,,,
237,Bright Future Int'l School- British Stream,All-through,,"Doha, Qatar",,,published,,,,,,,,,
83,Bright Futures School,Primary,IB,Old Airport,+97444440032,https://brightfutureslearningcenter.com/learn-more,published,,,,,,,,,
238,Bright Horizon International Kindergarten,Kindergarten,,"Doha, Qatar",,,published,,,,,,,,,
239,Brighton International Academy,All-through,,"Doha, Qatar",,,published,,,,,,,,,
240,British Modern International School,All-through,,"Doha, Qatar",,,published,,,,,,,,,
119,Butterfly Nursery,Kindergarten,British (EYFS),"Madinat Khalifa, Doha, Qatar",+974 4453 2211,https://www.butterflynurseryqatar.com,published,,,,,,,,,
253,COMPASS INTERNATIONAL SCHOOL- THEMAID,All-through,,"Doha, Qatar",,,published,,,,,,,,,
242,Cairo Kindergarten and Primary private School,Kindergarten,,"Doha, Qatar",,,published,,,,,,,,,
243,Cairo Preparatory Private School – Al-Wakra Branch,Secondary,,"Doha, Qatar",,,published,,,,,,,,,
244,Cairo Private Kindergarten,Kindergarten,,"Doha, Qatar",,,published,,,,,,,,,
245,Cairo Private Kindergarten – Muaither Branch,Kindergarten,,"Doha, Qatar",,,published,,,,,,,,,
241,Cairo Private School – Boys,All-through,,"Doha, Qatar",,,published,,,,,,,,,
246,Cairo Private School – Girls,All-through,,"Doha, Qatar",,,published,,,,,,,,,
247,Cambridge International School,All-through,,"Doha, Qatar",,,published,,,,,,,,,
87,Camelot School,Primary,International,Al Khor,+97444440036,http://www.camelot.com/,published,,,,,,,,,
248,Cardiff International Kindergarten,Kindergarten,,"Doha, Qatar",,,published,,,,,,,,,
249,Cardiff International Primary School,Primary,,"Doha, Qatar",,,published,,,,,,,,,
103,Cedars International School,International,IB (PYP),"Al Sadd, Doha, Qatar",+974 4468 1111,https://www.cedarsinternationalschool.com,published,,,,,,,,,
252,Compass Int'l School-Gharaffa,All-through,,"Doha, Qatar",,,published,,,,,,,,,
14,Compass International School - Gharaffa,Primary & Secondary,International,Al Gharaffa,+97444330004,https://compass.org/,published,,,,,,,,,
15,Compass International School - Rayyan,Primary & Secondary,International,Al Rayyan,+97444330005,https://compass.org/,published,,,,,,,,,
251,Compass International School Doha – Rayyan Campus,All-through,,"Doha, Qatar",,,published,,,,,,,,,
250,Compass International School-Madinat Khalifa,All-through,,"Doha, Qatar",,,published,,,,,,,,,
61,Corniche International School,Primary,International,Corniche,+97444440007,https://www.edu.com/,published,,,,,,,,,
254,Creative International Kindergarten,Kindergarten,,"Doha, Qatar",,,published,,,,,,,,,
115,Crescent Stars Nursery,Kindergarten,Islamic British (EYFS),"Old Airport, Doha, Qatar",+974 4442 3344,https://www.crescentstarsnursery.qa,published,,,,,,,,,
101,DPS Modern Indian School,International,CBSE,"Abu Hamour, Doha, Qatar",+974 4435 1511,https://www.dpsqatar.com,published,,,,,,,,,
255,Dafna International Kindergarten,Kindergarten,,"Doha, Qatar",,,published,,,,,,,,,
256,Danat Al Shamal Kindergarten,Kindergarten,,"Doha, Qatar",,,published,,,,,,,,,
65,Desert Bloom School,Primary,IB,Al Khor,+97444440012,https://www.desertbloom.com/,published,,,,,,,,,
62,Dhow International School,Primary,International,Doha Port,+97444440009,https://www.google.com/search?q=Dhow+International+School+Doha+Port,published,,,,,,,,,
112,Discovery Garden Nursery,Kindergarten,EYFS (Early Years Foundation Stage),"Al Waab, Doha, Qatar",+974 4464 7788,https://www.discoverygardennursery.qa,published,,,,,,,,,
37,Doha Academy - Al Mamoura,Primary & Secondary,International,Al Mamoura,+97444330030,https://www.hugedomains.com/domain_profile.cfm?d=dohaacademy.com,published,,,,,,,,,
38,Doha Academy - Salwa,Primary & Secondary,International,Salwa,+97444330031,https://www.hugedomains.com/domain_profile.cfm?d=dohaacademy.com,published,,,,,,,,,
258,Doha Academy Salwa,All-through,,"Doha, Qatar",,,published,,,,,,,,,
19,Doha British School - Ain Khaled,Primary & Secondary,British,Ain Khaled,+97444330009,https://dohabritishschool.com/,published,,,,,,,,,
259,Doha British School – Ain Khaled Campus,All-through,,"Doha, Qatar",,,published,,,,,,,,,
260,Doha British School – Al Wakra,All-through,,"Doha, Qatar",,,published,,,,,,,,,
12,Doha College,Primary & Secondary,British,Abu Hamour / West Bay,+97444330002,https://www.dohacollege.com,published,,,,,,,,,
261,Doha College – Al Wajba,All-through,,"Doha, Qatar",,,published,,,,,,,,,
20,Doha English Speaking School,Primary,British,Fereej Kulaib,+97444330010,https://www.dess.org,published,,,,,,,,,
262,Doha English Speaking School – DESS,All-through,,"Doha, Qatar",,,published,,,,,,,,,
264,Doha International Academy – Alwaab,All-through,,"Doha, Qatar",,,published,,,,,,,,,
265,Doha International Private School – Kindergarten Primary,Kindergarten,,"Doha, Qatar",,,published,,,,,,,,,
263,Doha International School,All-through,,"Doha, Qatar",,,published,,,,,,,,,
340,Doha Minaret English Kindergarten,Kindergarten,,"Doha, Qatar",,,published,,,,,,,,,
26,Doha Modern Indian School,Primary & Secondary,Indian,Abu Hamour,+97444330016,https://www.dmisqatar.com,published,,,,,,,,,
56,Doha Pearl School,Primary,International,West Bay Corniche,+97444440001,https://www.google.com/search?q=Doha+Pearl+School+West+Bay+Corniche,published,,,,,,,,,
266,Dukhan English School (Qatar Petroleum),All-through,,"Doha, Qatar",,,published,,,,,,,,,
267,Durham School for Girls Doha,All-through,,"Doha, Qatar",,,published,,,,,,,,,
269,EBLA INTERNATIONAL PRIMARY SCHOOL,Primary,,"Doha, Qatar",,,published,,,,,,,,,
281,ETHIOPIAN COMMUNITY INTERNATIONAL SCHOOL – DOHA,All-through,,"Doha, Qatar",,,published,,,,,,,,,
268,Eadad International Academy,All-through,,"Doha, Qatar",,,published,,,,,,,,,
271,Ebla International School – Adults,All-through,,"Doha, Qatar",,,published,,,,,,,,,
272,Ebla International School – Al Luqta Branch,All-through,,"Doha, Qatar",,,published,,,,,,,,,
270,Ebla International School – Luqta,All-through,,"Doha, Qatar",,,published,,,,,,,,,
274,Edison Int'l Academy – Markheya,All-through,,"Doha, Qatar",,,published,,,,,,,,,
273,Edison International Academy – Dahl Alhamam,All-through,,"Doha, Qatar",,,published,,,,,,,,,
275,Edison International Academy-Muaither,All-through,,"Doha, Qatar",,,published,,,,,,,,,
276,Educare International Academy,All-through,,"Doha, Qatar",,,published,,,,,,,,,
3,Education City Academy,Primary,IB,Education City,+97444442222,https://www.google.com/search?q=Education+City+Academy,pending,,,,,,,,,
6,Education City Academy,Primary,IB,Education City,+97444442222,https://www.google.com/search?q=Education+City+Academy,pending,,,,,,,,,
9,Education City Academy,Primary,IB,Education City,+97444442222,https://www.google.com/search?q=Education+City+Academy,pending,,,,,,,,,
55,Education City Academy,Primary,IB,Education City,+97444442222,https://www.google.com/search?q=Education+City+Academy+Education+City,published,,,,,,,,,
80,Education City Primary,Primary,IB,Education City,+97444440029,https://www.google.com/search?q=Education+City+Primary+Education+City,published,,,,,,,,,
277,Egyptian Language School,All-through,,"Doha, Qatar",,,published,,,,,,,,,
278,Elite International School,All-through,,"Doha, Qatar",,,published,,,,,,,,,
82,Elite Scholars Academy,Primary,International,West Bay Lagoon,+97444440031,https://www.google.com/search?q=Elite+Scholars+Academy,published,,,,,,,,,
279,English Modern Kindergarten,Kindergarten,,"Doha, Qatar",,,published,,,,,,,,,
33,English Modern School - Doha,Primary & Secondary,International,Al Messila,+97444330024,https://www.google.com/search?q=English+Modern+School+-+Doha+Al+Messila,published,,,,,,,,,
415,English Modern School Al Khor,All-through,,"Doha, Qatar",,,published,,,,,,,,,
416,English Modern School-Al Wakra,All-through,,"Doha, Qatar",,,published,,,,,,,,,
417,English Modern School-Doha,All-through,,"Doha, Qatar",,,published,,,,,,,,,
53,Evergreen International School Doha,Primary & Secondary,International,Al Gharafa,+97444330048,https://evergreen.com/,published,,,,,,,,,
282,Eyalna Kindergarten,Kindergarten,,"Doha, Qatar",,,published,,,,,,,,,
283,Eyalna Private Kindergarten – Almuaither Branch,Kindergarten,,"Doha, Qatar",,,published,,,,,,,,,
284,Finger Prints Kindergarten,Kindergarten,,"Doha, Qatar",,,published,,,,,,,,,
285,French Qatarian School (Lycee Voltaire) West Bay,All-through,,"Doha, Qatar",,,published,,,,,,,,,
287,GEMS American Academy,All-through,,"Doha, Qatar",,,published,,,,,,,,,
100,GEMS American Academy Qatar,International,American,"Al Wakra, Doha, Qatar",+974 4034 9777,https://www.gemsgaaq.com,published,,,,,,,,,
25,GEMS Wellington School (Al Wukair),Primary & Secondary,British,Al Wukair,+97444330015,https://www.gemseducation.com/en/,published,,,,,,,,,
286,Galileo International School,All-through,,"Doha, Qatar",,,published,,,,,,,,,
70,Gateway International School,Primary,IB,Gharrafat,+97444440017,https://gatewayintl.com,published,,,,,,,,,
288,German School Doha,All-through,,"Doha, Qatar",,,published,,,,,,,,,
289,Gheras International School,All-through,,"Doha, Qatar",,,published,,,,,,,,,
290,Global Academy International,All-through,,"Doha, Qatar",,,published,,,,,,,,,
291,Glorious International Kindergarten,Kindergarten,,"Doha, Qatar",,,published,,,,,,,,,
84,Golden Dunes School,Primary,International,Sealine,+97444440033,https://www.hugedomains.com/domain_profile.cfm?d=goldendunes.com,published,,,,,,,,,
77,Greenfield International,Primary,British,Al Thumama,+97444440026,https://www.google.com/search?q=Greenfield+International,published,,,,,,,,,
34,Gulf English School (GES),Primary & Secondary,International,Al Gharafa,+97444330027,https://www.google.com/search?q=Gulf+English+School+%28GES%29,published,,,,,,,,,
292,Gulf English School prep,Secondary,,"Doha, Qatar",,,published,,,,,,,,,
59,Gulf Horizon School,Primary,International,Al Rayyan,+97444440005,https://gulfhorizon.com,published,,,,,,,,,
293,Hamilton International School,All-through,,"Doha, Qatar",,,published,,,,,,,,,
114,Happy Hearts International Nursery,Kindergarten,EYFS (Early Years Foundation Stage),"Al Mansoura, Doha, Qatar",+974 4418 6655,https://www.happyheartsnurseryqatar.com,published,,,,,,,,,
294,Haql Al Rabee Kindergarten – Al Matar,Kindergarten,,"Doha, Qatar",,,published,,,,,,,,,
295,Haql Al Rabee Kindergarten – Al Wakra,Kindergarten,,"Doha, Qatar",,,published,,,,,,,,,
296,Haql Al Rabee Primary School,Primary,,"Doha, Qatar",,,published,,,,,,,,,
94,Harmony School Doha,Primary,IB,Al Markhiya,+97444440043,https://harmony.qa,published,,,,,,,,,
51,Hayat Universal School,Primary & Secondary,International,Muaither,+97444330045,https://www.google.com/search?q=Hayat+Universal+School+Muaither,published,,,,,,,,,
297,Hilltop Kindergarten,Kindergarten,,"Doha, Qatar",,,published,,,,,,,,,
71,Horizon British School,Primary,British,Al Sadd,+97444440018,https://www.google.com/search?q=Horizon+British+School+Al+Sadd,published,,,,,,,,,
27,Ideal Indian School,Primary & Secondary,Indian,Abu Hamour,+97444330017,https://www.google.com/search?q=Ideal+Indian+School+Abu+Hamour,published,,,,,,,,,
52,International Montessori School Doha,Primary,Montessori,Al Wakra,+97444330046,https://www.google.com/search?q=International+Montessori+School+Doha+Al+Wakra,published,,,,,,,,,
298,International Pakistani School,All-through,,"Doha, Qatar",,,published,,,,,,,,,
299,International Pakistani School -KG Pri Prep Sec-Mixed-Adults,Kindergarten,,"Doha, Qatar",,,published,,,,,,,,,
24,International School of Choueifat,Primary & Secondary,International,West Bay,+97444330014,https://www.google.com/search?q=International+School+of+Choueifat,published,,,,,,,,,
99,International Test School,Primary,British,"123 Test St, Doha",+974 1234 5678,https://testschool.qa,published,,,,,,,,,
301,Iqra English Boys School,All-through,,"Doha, Qatar",,,published,,,,,,,,,
302,Iqra English Girls,All-through,,"Doha, Qatar",,,published,,,,,,,,,
303,Iqra English Preschool – Al Nuaija,Kindergarten,,"Doha, Qatar",,,published,,,,,,,,,
300,Iqra English Preschool – KG – Mixed,Kindergarten,,"Doha, Qatar",,,published,,,,,,,,,
308,Iranian School Kindergarten Primary-Adults,Kindergarten,,"Doha, Qatar",,,published,,,,,,,,,
305,Iranian School for Boys,All-through,,"Doha, Qatar",,,published,,,,,,,,,
306,Iranian School for Girls,All-through,,"Doha, Qatar",,,published,,,,,,,,,
304,Iranian School – Prep Sec – Adults,Secondary,,"Doha, Qatar",,,published,,,,,,,,,
307,"Iranian School – Primary, Preparatory and Secondary – Girls",Primary,,"Doha, Qatar",,,published,,,,,,,,,
309,Itqan International Academy,All-through,,"Doha, Qatar",,,published,,,,,,,,,
89,Ivy League Prep Doha,Secondary,American,Al Dafna,+97444440038,https://ivyleagueprep.com,published,,,,,,,,,
49,Japan School of Doha,Primary & Secondary,Japanese,Rawdat Egdaim,+97444330042,https://www.google.com/search?q=Japan+School+of+Doha+Rawdat+Egdaim,published,,,,,,,,,
206,Jasmine Private Kindergarten,Kindergarten,,"Doha, Qatar",,,published,,,,,,,,,
310,Jil Almustaqbal Kindergarten,Kindergarten,,"Doha, Qatar",,,published,,,,,,,,,
312,Jordanian School,All-through,,"Doha, Qatar",,,published,,,,,,,,,
311,Jordanian School – KG Pri Prep Sec – Adults,Kindergarten,,"Doha, Qatar",,,published,,,,,,,,,
313,Key of Education School,All-through,,"Doha, Qatar",,,published,,,,,,,,,
314,Kid'n Around Kindergarten,Kindergarten,,"Doha, Qatar",,,published,,,,,,,,,
118,Kidz Zone Nursery,Kindergarten,American,"Al Thumama, Doha, Qatar",+974 4433 7788,https://www.kidzzonedoha.com,published,,,,,,,,,
315,King's College Doha,All-through,,"Doha, Qatar",,,published,,,,,,,,,
97,King's International School,Secondary,International,The Pearl,+97444440047,https://www.kingsintl.com/,published,,,,,,,,,
316,Kingdom -Kindrgarten – Mixed,All-through,,"Doha, Qatar",,,published,,,,,,,,,
317,Knowledge Bridge International Kindergarten,Kindergarten,,"Doha, Qatar",,,published,,,,,,,,,
123,Knowledge Icon KG,Kindergarten,,"Doha, Qatar",,,published,,,,,,,,,
318,Leaders International School,All-through,,"Doha, Qatar",,,published,,,,,,,,,
320,Lebanese School,All-through,,"Doha, Qatar",,,published,,,,,,,,,
321,Lebanese School AlHitmi AlQadeem Branch,All-through,,"Doha, Qatar",,,published,,,,,,,,,
102,Lebanese School Doha,International,French (Lebanese),"Al Hilal, Doha, Qatar",+974 4436 0505,https://www.lebanese-school.com,published,,,,,,,,,
85,Lighthouse International School,Secondary,British,Simaisma,+97444440034,https://lighthouse.com,published,,,,,,,,,
322,Little Flower Kindergarten – Qatar,Kindergarten,,"Doha, Qatar",,,published,,,,,,,,,
107,Little Footprints Nursery,Kindergarten,EYFS (Early Years Foundation Stage),"The Pearl-Qatar, Doha, Qatar",+974 4495 9898,https://www.littlefootprintsnursery.com,published,,,,,,,,,
121,Little Genius Montessori,Kindergarten,Montessori,"Al Khor, Qatar",+974 4472 1122,https://www.littlegeniusmontessori.qa,published,,,,,,,,,
105,Little Lions Kindergarten,Kindergarten,Montessori,"Ain Khaled, Doha, Qatar",+974 4450 1234,https://www.littlelions.qa,published,,,,,,,,,
323,Little Panda's Kindergarten – Doha,Kindergarten,,"Doha, Qatar",,,published,,,,,,,,,
324,London International PrivateSchool-KinPriPreSecMix,All-through,,"Doha, Qatar",,,published,,,,,,,,,
325,Lotus Private Kindergarten,Kindergarten,,"Doha, Qatar",,,published,,,,,,,,,
326,Loydence Academy – Al Aziziyah,All-through,,"Doha, Qatar",,,published,,,,,,,,,
327,Loyola International School,All-through,,"Doha, Qatar",,,published,,,,,,,,,
328,Loyola international School – Al Wukair Branch,All-through,,"Doha, Qatar",,,published,,,,,,,,,
329,Lycee Bonaparte School-Al Dafna,All-through,,"Doha, Qatar",,,published,,,,,,,,,
330,Lycee Franco- Qatarien Voltaire -salwa,All-through,,"Doha, Qatar",,,published,,,,,,,,,
331,Lycee Franco-Qatarien Voltaire,All-through,,"Doha, Qatar",,,published,,,,,,,,,
50,Lycée Franco-Qatarien Voltaire - Al Waab,Primary & Secondary,French,Al Waab,+97444330043,https://www.google.com/search?q=Lyc%C3%A9e+Franco-Qatarien+Voltaire+-+Al+Waab+Al+Waab,published,,,,,,,,,
28,M.E.S Indian School,Primary & Secondary,Indian,Abu Hamour,+97444330018,https://mesqatar.org/,published,,,,,,,,,
333,Maghreb International School – Ecole Charlemange,All-through,,"Doha, Qatar",,,published,,,,,,,,,
332,Maghreb international kindergarten,Kindergarten,,"Doha, Qatar",,,published,,,,,,,,,
88,Maple Leaf Doha,Primary,British,Al Gharrafa,+97444440037,https://www.mapleleaf.ca/,published,,,,,,,,,
68,Marina Heights School,Secondary,British,Marina District,+97444440015,https://www.google.com/search?q=Marina+Heights+School+Marina+District,published,,,,,,,,,
74,Meadows School Doha,Primary,British,Al Messila,+97444440023,https://meadows.com,published,,,,,,,,,
334,Medad Kindergarten,Kindergarten,,"Doha, Qatar",,,published,,,,,,,,,
337,Mesaieed International School (Qatar Petroleum),All-through,,"Doha, Qatar",,,published,,,,,,,,,
336,Mesaieed International School Private-KG-Mix,Kindergarten,,"Doha, Qatar",,,published,,,,,,,,,
335,Mesaieed International School – Primary,Primary,,"Doha, Qatar",,,published,,,,,,,,,
257,Michael E. DeBakey High School,All-through,,"Doha, Qatar",,,published,,,,,,,,,
338,Middle East International School,All-through,,"Doha, Qatar",,,published,,,,,,,,,
339,Military Secondary School,Secondary,,"Doha, Qatar",,,published,,,,,,,,,
91,Mission Hills School,Primary,IB,Al Waab,+97444440040,https://www.invitedclubs.com/clubs/mission-hills-country-club,published,,,,,,,,,
341,Monarch International School,All-through,,"Doha, Qatar",,,published,,,,,,,,,
342,Mueidhar Al Hadeetha Private Kindergarten,Kindergarten,,"Doha, Qatar",,,published,,,,,,,,,
343,My Little World Kindegrten,All-through,,"Doha, Qatar",,,published,,,,,,,,,
344,Naiseb Private Kindergarten,Kindergarten,,"Doha, Qatar",,,published,,,,,,,,,
165,New Dawn KG,Kindergarten,,"Doha, Qatar",,,published,,,,,,,,,
346,Newton British Academy – Al Mashaf,All-through,,"Doha, Qatar",,,published,,,,,,,,,
347,Newton British Academy- Al Dafna,All-through,,"Doha, Qatar",,,published,,,,,,,,,
350,Newton British School – Muraikh,All-through,,"Doha, Qatar",,,published,,,,,,,,,
345,Newton British School – Rawdat Bu Dabah,All-through,,"Doha, Qatar",,,published,,,,,,,,,
348,Newton British kindergarten – Oryx,Kindergarten,,"Doha, Qatar",,,published,,,,,,,,,
349,Newton British kindergarten – Pearl,Kindergarten,,"Doha, Qatar",,,published,,,,,,,,,
352,Newton International Academy,All-through,,"Doha, Qatar",,,published,,,,,,,,,
353,Newton International Kindergarten,Kindergarten,,"Doha, Qatar",,,published,,,,,,,,,
354,Newton International Kindergarten-1-Oryx,Kindergarten,,"Doha, Qatar",,,published,,,,,,,,,
355,Newton International Kindergarten-2-Pearl,Kindergarten,,"Doha, Qatar",,,published,,,,,,,,,
17,Newton International School - Al Hilal,Primary & Secondary,British,Al Hilal,+97444330007,https://www.newtonschool.co/,published,,,,,,,,,
16,Newton International School - West Bay,Primary & Secondary,British,West Bay,+97444330006,https://www.newtonschool.co/,published,,,,,,,,,
356,Newton International School – Alqitifia,All-through,,"Doha, Qatar",,,published,,,,,,,,,
351,Newton International School- Al Hilal,All-through,,"Doha, Qatar",,,published,,,,,,,,,
357,Noble Indian Kindergarten,Kindergarten,,"Doha, Qatar",,,published,,,,,,,,,
360,Noble International School,All-through,,"Doha, Qatar",,,published,,,,,,,,,
358,Noble International School preparatory,Secondary,,"Doha, Qatar",,,published,,,,,,,,,
359,Noble International School-Alwaker,All-through,,"Doha, Qatar",,,published,,,,,,,,,
361,NooN International Kindergarten,Kindergarten,,"Doha, Qatar",,,published,,,,,,,,,
364,Noor Al Khaleej International KG- Duhail,Kindergarten,,"Doha, Qatar",,,published,,,,,,,,,
362,Noor Al Khaleej International Kindergarten,Kindergarten,,"Doha, Qatar",,,published,,,,,,,,,
363,Noor Al Khaleej International School,All-through,,"Doha, Qatar",,,published,,,,,,,,,
365,Nord Anglia International School- Al Khor,All-through,,"Doha, Qatar",,,published,,,,,,,,,
366,Nort Star International Kindergarten,Kindergarten,,"Doha, Qatar",,,published,,,,,,,,,
66,Northfield School Qatar,Secondary,American,North Doha,+97444440013,https://www.northfield.com/,published,,,,,,,,,
367,Olive International Kindergarten -Khartyat Branch,Kindergarten,,"Doha, Qatar",,,published,,,,,,,,,
73,Oryx Academy,Secondary,IB,Al Duhail,+97444440021,https://www.google.com/search?q=Oryx+Academy+Al+Duhail,published,,,,,,,,,
368,Oryx International School (Qatar Airways),All-through,,"Doha, Qatar",,,published,,,,,,,,,
370,Oscar Academy,All-through,,"Doha, Qatar",,,published,,,,,,,,,
369,Oscar English Kindergarten,Kindergarten,,"Doha, Qatar",,,published,,,,,,,,,
371,Oscar Private Kindergarten – Abu Hamour Branch,Kindergarten,,"Doha, Qatar",,,published,,,,,,,,,
96,Oxford Doha School,Secondary,British,West Bay,+97444440046,https://www.google.com/search?q=Oxford+Doha+School+West+Bay,published,,,,,,,,,
372,Oxford English School,All-through,,"Doha, Qatar",,,published,,,,,,,,,
375,Pak Shama Kindergarten – Al-Wakra,Kindergarten,,"Doha, Qatar",,,published,,,,,,,,,
374,Pak Shama Kindergarten – almashaf Branch,Kindergarten,,"Doha, Qatar",,,published,,,,,,,,,
31,Pak Shama School,Primary & Secondary,Pakistani,Doha,+97444330021,https://www.edu.com/,published,,,,,,,,,
373,Pak Shama School and College,All-through,,"Doha, Qatar",,,published,,,,,,,,,
376,Pakshama Private school-almashaf,All-through,,"Doha, Qatar",,,published,,,,,,,,,
378,Palestinian School – Boys,All-through,,"Doha, Qatar",,,published,,,,,,,,,
377,Palestinian Schools – Boys Girls -Adults,All-through,,"Doha, Qatar",,,published,,,,,,,,,
72,Palm Springs School,Primary,American,Al Rayyan,+97444440020,https://www.palmsprings.com/,published,,,,,,,,,
13,Park House English School,Primary & Secondary,British,Doha,+97444330003,https://www.google.com/search?q=Park+House+English+School,published,,,,,,,,,
379,Pearl School – Al Thumama,All-through,,"Doha, Qatar",,,published,,,,,,,,,
184,Pearl School – West Bay,All-through,,"Doha, Qatar",,,published,,,,,,,,,
380,Pearling Season International School,All-through,,"Doha, Qatar",,,published,,,,,,,,,
63,Pearlstone School,Secondary,British,The Pearl,+97444440010,https://www.google.com/search?q=Pearlstone+School,published,,,,,,,,,
381,Perfection International Kindergarten,Kindergarten,,"Doha, Qatar",,,published,,,,,,,,,
382,Philippine International School,All-through,,"Doha, Qatar",,,published,,,,,,,,,
32,Philippine School Doha,Primary & Secondary,Philippine,Abu Hamour,+97444330023,https://www.google.com/search?q=Philippine+School+Doha+Abu+Hamour,published,,,,,,,,,
384,Philippine School of Doha,All-through,,"Doha, Qatar",,,published,,,,,,,,,
383,Philippine School of Doha – Evening,All-through,,"Doha, Qatar",,,published,,,,,,,,,
385,Pioneers International Kindergarten,Kindergarten,,"Doha, Qatar",,,published,,,,,,,,,
386,Premier Schools International Qatar,All-through,,"Doha, Qatar",,,published,,,,,,,,,
41,Qatar Academy Al Khor,Primary & Secondary,IB,Al Khor,+97444330034,http://ww25.qak.com/?subid1=20251213-0558-17f5-908b-cbbeeef10023,published,,,,,,,,,
388,Qatar Academy Al Wakra,All-through,,"Doha, Qatar",,,published,,,,,,,,,
11,Qatar Academy Doha,Primary & Secondary,IB,Education City,+97444330001,https://www.google.com/search?q=Qatar+Academy+Doha+Education+City,published,,,,,,,,,
390,Qatar Academy Mushaireb,All-through,,"Doha, Qatar",,,published,,,,,,,,,
391,Qatar Academy Private-KG Pri Prep Sec-Mixed,Kindergarten,,"Doha, Qatar",,,published,,,,,,,,,
40,Qatar Academy Sidra,Primary & Secondary,IB,Sidra / Education City,+97444330033,https://www.google.com/search?q=Qatar+Academy+Sidra+Sidra+%2F+Education+City,published,,,,,,,,,
389,Qatar Academy for Science & Technology-QAST,All-through,,"Doha, Qatar",,,published,,,,,,,,,
42,Qatar Academy for Science and Technology,Secondary,IB,Education City,+97444330035,https://www.qast.com,published,,,,,,,,,
387,Qatar Academy – Alkhor,All-through,,"Doha, Qatar",,,published,,,,,,,,,
392,Qatar Al-Hadeetha – KG – Mixed,Kindergarten,,"Doha, Qatar",,,published,,,,,,,,,
58,Qatar American School,Secondary,American,Al Dafna,+97444440004,https://www.google.com/search?q=Qatar+American+School,published,,,,,,,,,
22,Qatar Canadian School,Primary & Secondary,International,Doha,+97444330012,https://www.qcs.qa,published,,,,,,,,,
393,Qatar Finland International School,All-through,,"Doha, Qatar",,,published,,,,,,,,,
21,Qatar International School,Primary & Secondary,International,West Bay,+97444330011,https://www.google.com/search?q=Qatar+International+School,published,,,,,,,,,
39,Qatar Leadership Academy,Primary & Secondary,International,Al Khor,+97444330032,https://www.google.com/search?q=Qatar+Leadership+Academy+Al+Khor,published,,,,,,,,,
395,Qurtoba International Kindergarten – Al Wajbah Branch,Kindergarten,,"Doha, Qatar",,,published,,,,,,,,,
394,Qurtoba Kindergarten,Kindergarten,,"Doha, Qatar",,,published,,,,,,,,,
110,Rainbow Kids Nursery,Kindergarten,American (Creative Curriculum),"Al Gharrafa, Doha, Qatar",+974 4436 5500,https://www.rainbowkidsnursery.qa,published,,,,,,,,,
46,Rajagiri Public School,Primary & Secondary,CBSE,Abu Hamour,+97444330039,https://www.rajagiridoha.com,published,,,,,,,,,
396,Rajagiri Public School in Doha,All-through,,"Doha, Qatar",,,published,,,,,,,,,
397,Renad Academy,All-through,,"Doha, Qatar",,,published,,,,,,,,,
398,Richmond International School Doha,All-through,,"Doha, Qatar",,,published,,,,,,,,,
399,Rising Stars kindergarten,Kindergarten,,"Doha, Qatar",,,published,,,,,,,,,
60,Rivera British School,Primary,British,Al Hilal,+97444440006,https://www.google.com/search?q=Rivera+British+School+Al+Hilal,published,,,,,,,,,
93,Riverfront School,Primary,British,Doha River,+97444440042,https://www.google.com/search?q=Riverfront+School,published,,,,,,,,,
400,Robin Kindergarten,Kindergarten,,"Doha, Qatar",,,published,,,,,,,,,
401,Royal Grammar School,All-through,,"Doha, Qatar",,,published,,,,,,,,,
45,Royal International School,Primary & Secondary,International,Muaither,+97444330038,https://www.google.com/search?q=Royal+International+School,published,,,,,,,,,
402,Ruad Almustaqbal International Kindergarten,Kindergarten,,"Doha, Qatar",,,published,,,,,,,,,
98,Sample School 11,Primary,British,Area 11,+97444443340,https://www.hugedomains.com/domain_profile.cfm?d=school11.com,published,,,,,,,,,
64,Seaview Academy,Primary,International,West Bay,+97444440011,https://seaview.com,published,,,,,,,,,
405,Shakespeare Academy international,All-through,,"Doha, Qatar",,,published,,,,,,,,,
406,ShantiNiketan Indian School,All-through,,"Doha, Qatar",,,published,,,,,,,,,
18,Sherborne Qatar,Primary & Secondary,British,Doha,+97444330008,https://www.sherborneqatar.org,published,,,,,,,,,
407,Sherborne School – Al Rayyan,All-through,,"Doha, Qatar",,,published,,,,,,,,,
69,Silk Road School,Primary,International,Education City,+97444440016,https://www.google.com/search?q=Silk+Road+School,published,,,,,,,,,
113,Smart Start Kindergarten,Kindergarten,International Early Years Curriculum (IEYC),"Bin Mahmoud, Doha, Qatar",+974 4444 9922,https://www.smartstartkindergarten.qa,published,,,,,,,,,
67,South Gate School,Primary,International,Al Wakra,+97444440014,https://www.google.com/search?q=South+Gate+School,published,,,,,,,,,
404,Spanish School Qatar,All-through,,"Doha, Qatar",,,published,,,,,,,,,
130,Spectra Global School,All-through,,"Doha, Qatar",,,published,,,,,,,,,
90,St. Peter's International,Primary,International,Doha Corniche,+97444440039,https://www.stpeters.org/,published,,,,,,,,,
86,Starlight Academy,Primary,IB,Al Thakhira,+97444440035,https://www.starlight.org/,published,,,,,,,,,
120,Stars & Rainbows Kindergarten,Kindergarten,International,"Al Aziziya, Doha, Qatar",+974 4447 6655,https://www.starsandrainbowskg.qa,published,,,,,,,,,
408,Step One School,All-through,,"Doha, Qatar",,,published,,,,,,,,,
409,Sudanese Community Schools – Girls,All-through,,"Doha, Qatar",,,published,,,,,,,,,
411,Summit Academy,All-through,,"Doha, Qatar",,,published,,,,,,,,,
410,Summit Academy Kindergarten,Kindergarten,,"Doha, Qatar",,,published,,,,,,,,,
75,Sunrise International School,Primary,IB,Al Kheesa,+97444440024,https://www.edu.com/,published,,,,,,,,,
109,Sunshine Montessori Nursery,Kindergarten,Montessori,"West Bay, Doha, Qatar",+974 4483 7700,https://www.sunshinemontessoriqatar.com,published,,,,,,,,,
412,Swiss International School,All-through,,"Doha, Qatar",,,published,,,,,,,,,
413,Tariq Bin Ziyad Boys School,All-through,,"Doha, Qatar",,,published,,,,,,,,,
414,The Cambridge School,All-through,,"Doha, Qatar",,,published,,,,,,,,,
23,The Cambridge School Doha,Primary & Secondary,British,Al Mamoura,+97444330013,https://tcsqatar.com/,published,,,,,,,,,
280,The English Kindergarten (TEK) – Qatar,Kindergarten,,"Doha, Qatar",,,published,,,,,,,,,
418,The First Assalam School,All-through,,"Doha, Qatar",,,published,,,,,,,,,
419,The First Assalam School-Adults,All-through,,"Doha, Qatar",,,published,,,,,,,,,
420,The Gulf English School,All-through,,"Doha, Qatar",,,published,,,,,,,,,
421,The Gulf English School – Freij Bin Omran Branch,All-through,,"Doha, Qatar",,,published,,,,,,,,,
81,The International Grammar School,Secondary,British,Al Wakra,+97444440030,https://igs.org,published,,,,,,,,,
422,The International School of Choueifat,All-through,,"Doha, Qatar",,,published,,,,,,,,,
423,The Japan School of Doha,All-through,,"Doha, Qatar",,,published,,,,,,,,,
176,The Next Generation School – Al Wakra,All-through,,"Doha, Qatar",,,published,,,,,,,,,
177,The Next Generation School – Al Wukair,All-through,,"Doha, Qatar",,,published,,,,,,,,,
47,The Phoenix Private School,Primary & Secondary,International,Al Mamoura,+97444330040,https://www.thephoenixprivateschool.com/,published,,,,,,,,,
403,The Scholars International School,All-through,,"Doha, Qatar",,,published,,,,,,,,,
48,The Scholars' International School,Primary & Secondary,International,Muaither,+97444330041,https://www.google.com/search?q=The+Scholars%27+International+School+Muaither,published,,,,,,,,,
111,Tiny Treasures Early Learning Center,Kindergarten,Reggio Emilia Inspired,"Lusail City, Qatar",+974 4002 8800,https://www.tinytreasurescenter.qa,published,,,,,,,,,
124,Tunisian Kindergarten of Doha,Kindergarten,,"Doha, Qatar",,,published,,,,,,,,,
425,Tunisian Primary School – Abu Hamour,Primary,,"Doha, Qatar",,,published,,,,,,,,,
426,Tunisian Secondary School – Al Luqta,Secondary,,"Doha, Qatar",,,published,,,,,,,,,
424,Tunisian kindegarten izghwa branch,All-through,,"Doha, Qatar",,,published,,,,,,,,,
132,Turkish School,All-through,,"Doha, Qatar",,,published,,,,,,,,,
427,Unique Kindergarten,Kindergarten,,"Doha, Qatar",,,published,,,,,,,,,
129,Vantage International Kindergarten,Kindergarten,,"Doha, Qatar",,,published,,,,,,,,,
428,Versailles International Kindergarten,Kindergarten,,"Doha, Qatar",,,published,,,,,,,,,
429,Victory International Kindergarten,Kindergarten,,"Doha, Qatar",,,published,,,,,,,,,
430,Vila Kinder Welt Kindergarten,Kindergarten,,"Doha, Qatar",,,published,,,,,,,,,
431,Vision International school,All-through,,"Doha, Qatar",,,published,,,,,,,,,
2,West Bay Primary,Primary,British,West Bay,+97444441111,https://www.google.com/search?q=West+Bay+Primary,pending,,,,,,,,,
5,West Bay Primary,Primary,British,West Bay,+97444441111,https://www.google.com/search?q=West+Bay+Primary,pending,,,,,,,,,
8,West Bay Primary,Primary,British,West Bay,+97444441111,https://www.google.com/search?q=West+Bay+Primary,pending,,,,,,,,,
116,Wonderland Early Learning Center,Kindergarten,Play-Based Learning,"Al Hilal, Doha, Qatar",+974 4427 8899,https://www.wonderlandqatar.com,published,,,,,,,,,
155,Young Achievers International School,All-through,,"Doha, Qatar",,,published,,,,,,,,,
154,Young Achievers Montessori Kindergarten,Kindergarten,,"Doha, Qatar",,,published,,,,,,,,,
433,Zenith Heights Academy,All-through,,"Doha, Qatar",,,published,,,,,,,,,
432,Zenith Heights kindergarten,Kindergarten,,"Doha, Qatar",,,published,,,,,,,,,
319,leaders international kindergarten,Kindergarten,,"Doha, Qatar",,,published,,,,,,,,,
